adm3_pcode,adm3_en,ref_region,population_best
ET010101,Tahtay Adiyabo,Tigray,76870.42084975695
ET010103,Zana,Tigray,74901.19255946318
ET010104,Tahtay Koraro,Tigray,92971.57231149611
ET010105,Asgede,Tigray,96011.19353136163
ET010106,Tselemti,Tigray,238138
ET010107,Sheraro town,Tigray,32048.63786180923
ET010109,Selekleka,Tigray,81842.43284513254
ET010110,Seyemti Adyabo,Tigray,117044.36197242553
ET010111,Adi Daero,Tigray,22243.54392681367
ET010113,Tsimbla,Tigray,90590.81635604742
ET010114,Endabaguna town,Tigray,22697.17160886424
ET010116,May Tsebri town,Tigray,22268
ET010201,Chila,Tigray,72455.18157782625
ET010202,Aheferom,Tigray,107710.7882266612
ET010205,Laelay Maychew,Tigray,88920.49818571273
ET010206,Tahtay Mayechew,Tigray,90446.62379817985
ET010207,Adet,Tigray,100566.41535947035
ET010208,Kola Temben,Tigray,90405.5762817066
ET010209,Naeder,Tigray,61662.84224662783
ET010210,Abergele (TG),Tigray,88239.53041242568
ET010211,Abi Adi town,Tigray,35759.75435116028
ET010212,Adwa town,Tigray,87120.72246342394
ET010213,Axum town,Tigray,83850.60365105477
ET010215,Ahsea,Tigray,47004.66886398687
ET010216,Egela,Tigray,45702.725841489075
ET010217,Hahayle,Tigray,71751.05879524662
ET010219,Emba Sieneti,Tigray,48431.85943674922
ET010220,Enticho town,Tigray,15794.873838823354
ET010221,Keyhe tekli,Tigray,80474.18229602408
ET010222,Tanqua Melashe,Tigray,57766.485682935956
ET010301,Gulo Mekeda,Tigray,108191.78091969392
ET010302,Erob,Tigray,33280.06335600682
ET010304,Ganta Afeshum,Tigray,89543.57843576827
ET010305,Hawzen,Tigray,112806.99527187894
ET010307,Atsbi,Tigray,94210.36530865043
ET010308,Adigrat town,Tigray,80100.54464607526
ET010309,Wukro town,Tigray,42029.499367344106
ET010310,Bizet,Tigray,31616.060188206484
ET010311,Edaga Hamus town,Tigray,15578.058751810786
ET010312,Hawzen town,Tigray,NA
ET010313,Freweyni town,Tigray,30522.512249342122
ET010314,Tsaeda Emba,Tigray,85090.4491486315
ET010317,Geraleta,Tigray,36837.51478368877
ET010318,Zala Anbesa town,Tigray,9874.558962873374
ET010401,Selewa,Tigray,32305.447964872663
ET010403,Neqsege,Tigray,29103.74167995891
ET010404,Emba Alaje,Tigray,64765.61349183681
ET010405,Endamehoni,Tigray,79318.53683223866
ET010406,Raya Azebo,Tigray,110465.18183205872
ET010407,Raya Alamata,Tigray,155153
ET010408,Ofla,Tigray,133276
ET010409,Maichew town,Tigray,43945.05013609593
ET010410,Korem town,Tigray,39595
ET010411,Alamata town,Tigray,118551
ET010412,Mekhoni town,Tigray,19217.605212439237
ET010413,Zata,Tigray,49506.46236801054
ET010414,Chercher,Tigray,110465.18183205872
ET010501,Kafta Humera,Tigray,137181
ET010502,Welkait,Tigray,299058
ET010503,Tsegede (TG),Tigray,157539
ET010504,Setit Humera,Tigray,21347
ET010506,Dansha town,Tigray,23678
ET010507,Awra (TG),Tigray,39513
ET010601,Saharti,Tigray,90908.67148360955
ET010602,Enderta,Tigray,167129.69957275118
ET010603,Hintalo,Tigray,115100.39369226915
ET010604,Degua Temben,Tigray,74380.20485037958
ET010605,Hagere Selam town,Tigray,24193.827209504398
ET010606,Samre,Tigray,77093.55093930387
ET010608,Wajirat,Tigray,59068.42870543375
ET010701,Mekelle,Tigray,50302.51543990978
ET020101,Dubti,Afar,53439.42268001081
ET020102,Elidar,Afar,107245.61720073709
ET020103,Asayita,Afar,39895.24059846661
ET020104,Afambo,Afar,32268.750153149093
ET020105,Mile,Afar,124075.68922644645
ET020106,Chifra,Afar,121802.37270109734
ET020107,Dubti town,Afar,34065.398986609805
ET020108,Kori,Afar,64898.591443831814
ET020109,Adar,Afar,71948.86242137582
ET020110,Gerani,Afar,53590.37734202527
ET020111,Asayita town,Afar,23241.61358680193
ET020198,Samera Logiya town,Afar,45377.738519597304
ET020201,Erebti,Afar,37587.67395425177
ET020202,Kunneba,Afar,72439.84305589268
ET020203,Abaala,Afar,40280.39841675955
ET020204,Megale,Afar,37587.67395425177
ET020205,Berahile,Afar,106140.65041359887
ET020206,Dalol,Afar,112228.16942142393
ET020207,Afdera,Afar,43080.067909745565
ET020208,Bidu,Afar,84875.16231684717
ET020209,Abaala town,Afar,10462
ET020301,Amibara,Afar,84874.14160608128
ET020302,Awash,Afar,19588.4603083787
ET020303,Gewane,Afar,42245.17717905152
ET020304,Dulecha,Afar,27718.421558768798
ET020305,Gelalu,Afar,42634.067980859254
ET020306,Arguba,Afar,44282
ET020307,Hanruka,Afar,59795
ET020396,Awash town,Afar,19796.685304622213
ET020402,Euwa,Afar,63735.22164430112
ET020403,Teru,Afar,63468.816134401335
ET020404,Yalo,Afar,63468.816134401335
ET020405,Gulina,Afar,54140.54044484514
ET020501,Telalek,Afar,50765.93737026591
ET020502,Samurobi,Afar,42813.71307565758
ET020503,Dawe,Afar,56600.453390663104
ET020504,Dalefage,Afar,48346.455340120825
ET020505,Hadelela,Afar,47146.126497705605
ET030101,Addi Arekay,Amhara,131296
ET030102,Beyeda,Amhara,103729
ET030103,Janamora,Amhara,220262
ET030104,Debark,Amhara,146948
ET030105,Dabat,Amhara,203328
ET030119,Telemt,Amhara,108853
ET030198,Debark town,Amhara,62512
ET030201,Ebenat,Amhara,224750
ET030202,Libokemekem,Amhara,296914
ET030203,Fogera,Amhara,260263
ET030204,Farta,Amhara,200450
ET030205,Lay Gayint,Amhara,266875
ET030206,Tach Gayint,Amhara,131325
ET030207,Semada,Amhara,198586
ET030208,East Esite,Amhara,281125
ET030209,Dera (AM),Amhara,323370
ET030210,Debre Tabor town,Amhara,123706.3516277116
ET030211,Andabet/ West Esite,Amhara,157407
ET030212,Guna Begemider,Amhara,120334
ET030213,Mena Meketewa,Amhara,58468
ET030214,Sede Muja,Amhara,93927
ET030293,Woreta town,Amhara,79075
ET030301,Bugna,Amhara,102758
ET030302,Raya Kobo,Amhara,259296
ET030303,Gidan,Amhara,159078
ET030304,Meket,Amhara,227191
ET030305,Wadla,Amhara,141283
ET030307,Guba Lafto,Amhara,193401.56286121177
ET030308,Habru,Amhara,253970.822149437
ET030309,Woldiya town,Amhara,128147.73223843248
ET030310,Lasta,Amhara,153605
ET030311,Dawunt,Amhara,87408
ET030312,Gazo,Amhara,87114
ET030313,Angot,Amhara,46824
ET030398,Lalibela town,Amhara,1500000
ET030399,Kobo town,Amhara,58850
ET030402,Tenta,Amhara,212127
ET030403,Kutaber,Amhara,119245
ET030404,Ambasel,Amhara,155630
ET030405,Thehulederie,Amhara,154415
ET030406,Delanta,Amhara,145904
ET030407,Kalu,Amhara,248913
ET030408,Albuko,Amhara,98985
ET030409,Dessie Zuria,Amhara,194280
ET030410,Legambo,Amhara,218735
ET030411,Sayint,Amhara,188491
ET030412,Borena /Debresina,Amhara,200283
ET030413,Kelela,Amhara,179799
ET030414,Jama,Amhara,161188
ET030415,Were Ilu,Amhara,236356
ET030416,Wegde,Amhara,235983
ET030417,Kombolcha town,Amhara,192346
ET030418,Dessie town,Amhara,308683.8635886748
ET030419,Mehal Sayint,Amhara,92062
ET030420,Legehida,Amhara,85536
ET030421,Mekdela,Amhara,248831
ET030422,Worebabu,Amhara,132647
ET030501,Mida Woremo,Amhara,124779
ET030502,Merhabete,Amhara,163032
ET030503,Ensaro,Amhara,80627
ET030504,Moretna Jiru,Amhara,124120
ET030505,Menze Gera Midir,Amhara,135705
ET030506,Gishe Rabel,Amhara,79940
ET030507,Antsokiya,Amhara,69176
ET030508,Eferatana Gidem,Amhara,194513
ET030509,Menze Mama Midir,Amhara,113354
ET030510,Tarema Ber,Amhara,120649
ET030511,Mojan Wedera,Amhara,91098
ET030512,Kewet,Amhara,95451
ET030513,Angolelana Tera,Amhara,77699
ET030514,Assagirt,Amhara,60581
ET030515,Ankober,Amhara,102000.89409531424
ET030516,Hagere Mariam,Amhara,126205
ET030517,Berehet,Amhara,47988
ET030518,Minjar Shenkora,Amhara,182873
ET030519,Basona Worena,Amhara,101121.20814323626
ET030520,Debre Berhan town,Amhara,227503
ET030521,Menze Keya Gabriel,Amhara,64097
ET030522,Menze Lalo Midir,Amhara,42835
ET030523,Siya Debirna Wayu,Amhara,132811
ET030595,Shoa Robit,Amhara,68950
ET030601,Bibugn,Amhara,104891
ET030602,Hulet Ej Enese,Amhara,162829
ET030603,Goncha Siso Enebse,Amhara,227663
ET030604,Enebse Sarmder,Amhara,182587
ET030605,Enarj Enawga,Amhara,234499
ET030606,Enemay,Amhara,221085
ET030607,Debay Telatgen,Amhara,161362
ET030608,Debre Elias,Amhara,114989
ET030609,Michakel,Amhara,156026
ET030610,Guzamn,Amhara,147467
ET030611,Baso Liben,Amhara,185029
ET030612,Awabel,Amhara,163802
ET030613,Dejen,Amhara,138368
ET030614,Shebel Bernta,Amhara,145597
ET030615,Debre Markos town,Amhara,207988
ET030616,Senan,Amhara,131298
ET030617,Aneded,Amhara,100427
ET030619,Sedae,Amhara,116459
ET030694,Mota Town,Amhara,66268
ET030701,Semen Achefer,Amhara,279302.4484995882
ET030702,Bahirdar Zuria,Amhara,244398.01469581484
ET030703,Yilmana Densa,Amhara,309205
ET030704,Mecha,Amhara,337093.14448316
ET030705,Sekela,Amhara,182604
ET030706,Quarit,Amhara,151576
ET030707,Dega Damot,Amhara,194819
ET030708,Dembecha,Amhara,185803
ET030709,Jabi Tehnan,Amhara,254465
ET030710,Bure (AM),Amhara,143231
ET030711,Wemberma,Amhara,144132
ET030712,Bahir Dar town,Amhara,439121.2573572334
ET030713,Debub Achefer,Amhara,180246
ET030714,Finote Selam town,Amhara,58194
ET030715,Debub Mecha,Amhara,94244
ET030718,Gonje,Amhara,138853
ET030798,Bure town,Amhara,70653
ET030801,Zequala,Amhara,63722
ET030802,Sekota,Amhara,108332
ET030803,Dehana,Amhara,151297
ET030804,Gaz Gibla,Amhara,92978
ET030805,Abergele (AM),Amhara,80451
ET030806,Sahila,Amhara,40096
ET030807,Sekota town,Amhara,47045
ET030808,Tsagbeji,Amhara,43206
ET030901,Dangila,Amhara,146758
ET030902,Banja,Amhara,89492
ET030903,Ankasha,Amhara,118257
ET030904,Guangua,Amhara,154398
ET030905,Fagta Lakoma,Amhara,179475
ET030906,Jawi,Amhara,157270.99999999997
ET030907,Guagusa Shikudad,Amhara,119093
ET030908,Ayehu Guwagusa,Amhara,145276
ET030996,Injibara town,Amhara,68657
ET030997,Zigem,Amhara,118622
ET030998,Dangila town,Amhara,68313
ET030999,Chagni town,Amhara,54397
ET031001,Dewa Cheffa,Amhara,173504
ET031002,Bati,Amhara,103902
ET031003,Jilye Tumuga,Amhara,102045
ET031004,Artuma Fursi,Amhara,107960
ET031005,Dewa Harewa,Amhara,55769
ET031006,Kemisie town,Amhara,49223
ET031099,Bati Town,Amhara,43148
ET031106,Chilga 1,Amhara,187463
ET031107,Tegede,Amhara,103321.50711497253
ET031108,Lay Armacho,Amhara,158425.95289677917
ET031109,Wegera,Amhara,267976.05604876566
ET031110,Gonder Zuria,Amhara,264369
ET031111,East Dembia,Amhara,228886
ET031112,Chilga 2,Amhara,69103
ET031115,Alefa,Amhara,251325.682524514
ET031116,West Belesa,Amhara,181036
ET031117,East Belesa,Amhara,161920
ET031118,Gondar town,Amhara,496470.6499498833
ET031119,Masero Denb /Central Armacho,Amhara,53249
ET031120,Tach Armacho,Amhara,130349.9999991381
ET031121,Takusa,Amhara,179522.194124808
ET031122,Kinfaz Begela,Amhara,157359.97198166046
ET031125,West Dembiya,Amhara,143836
ET031205,Adagn Ager Chaqo,Amhara,53349
ET031206,Mirab Armacho,Amhara,56745
ET031213,Metema,Amhara,292919
ET031214,Quara,Amhara,161365
ET031292,Gendawuha town,Amhara,28180
ET040101,Mana Sibu,Oromia,164956.12747831957
ET040102,Nejo,Oromia,117694.56438860542
ET040103,Gimbi,Oromia,114741.71933665591
ET040104,Lalo Asabi,Oromia,117089.23650037528
ET040105,Kiltu Kara,Oromia,79786.45371221189
ET040106,Boji Dirmeji,Oromia,66673.5947688525
ET040107,Ayira,Oromia,77432.7734339907
ET040109,Gudetu Kondole,Oromia,146610.2006325601
ET040110,Boji Chekorsa,Oromia,74413.62038015027
ET040111,Babo,Oromia,92606.611028
ET040112,Yubdo,Oromia,59452.610082532854
ET040113,Gaji,Oromia,91430.13852465857
ET040114,Haru,Oromia,103118.568295516
ET040115,Nole Kaba,Oromia,91907.1685564408
ET040116,Begi,Oromia,183352.32006744793
ET040117,Homa,Oromia,37822.29817536921
ET040118,Sayo Nole,Oromia,175864.8632732797
ET040119,Guliso,Oromia,107790.07397712249
ET040193,Gimbi town,Oromia,54612.12594449465
ET040197,Leta Sibu,Oromia,57665.96281387635
ET040198,Mendi town,Oromia,24692.637752684142
ET040199,Nejo town,Oromia,33488.749406626215
ET040201,Limu (OR),Oromia,110855.21483872598
ET040202,Ibantu,Oromia,56852.004701857506
ET040203,Gida Ayana,Oromia,161802.2579274442
ET040204,Haro Limu,Oromia,80464.76029464876
ET040205,Boneya Boshe,Oromia,73227.24475562052
ET040206,Wayu Tuka,Oromia,95727.36505247977
ET040207,Bila Seyo,Oromia,60245
ET040208,Gobu Seyo,Oromia,63316.15898351702
ET040209,Sibu Sire,Oromia,157428.0302958956
ET040210,Diga,Oromia,103118.3563264859
ET040211,Sasiga,Oromia,123082.62428419458
ET040212,Leka Dulecha,Oromia,110181.43998080198
ET040213,Guto Gida,Oromia,123517.9042320915
ET040214,Jimma Arjo,Oromia,133072.67340779485
ET040215,Nunu Kumba,Oromia,99343.29012333864
ET040216,Wama Hagalo,Oromia,74398.64760552972
ET040217,Kiremu,Oromia,84467.83853783854
ET040297,Nekemte town,Oromia,145299.01336936196
ET040301,Darimu,Oromia,220854.84255627866
ET040302,Alge Sachi,Oromia,117898.83581378557
ET040309,Yayu,Oromia,81948.13446598305
ET040310,Metu Zuria,Oromia,93869.67151563214
ET040311,Ale,Oromia,81289.33238267957
ET040312,Bure (OR),Oromia,78387.82255800045
ET040313,Sale Nono,Oromia,35131.47667927904
ET040314,Becho (Ilu Aba Bora),Oromia,115729.97828293087
ET040315,Bilo Nopha,Oromia,44149.364936446094
ET040316,Hurumu,Oromia,65765.77355289068
ET040317,Didu,Oromia,49740.62677331391
ET040319,Halu /Huka,Oromia,25994.875709049174
ET040320,Metu town,Oromia,52980.093510856495
ET040324,Dorani,Oromia,55614.232360168935
ET040401,Limu Seka,Oromia,164028.88493574792
ET040402,Limu Kosa,Oromia,243900.0816650827
ET040403,Sekoru,Oromia,209696.91701227674
ET040404,Tiro Afeta,Oromia,182497.8024301761
ET040405,Kersa (Jimma),Oromia,257362.3
ET040406,Mena (Jimma),Oromia,223323.21140086371
ET040407,Goma,Oromia,325925.21897197136
ET040408,Gera,Oromia,171471.4234060546
ET040409,Seka Chekorsa,Oromia,317037.80775078316
ET040410,Dedo,Oromia,242629.53479014026
ET040411,Omo Nada,Oromia,230059.89049620237
ET040412,Sigmo,Oromia,141232.83557598563
ET040413,Setema,Oromia,157567.06320308623
ET040414,Shebe Sambo,Oromia,171104.5904278515
ET040415,Chora (Jimma),Oromia,87439.93430001446
ET040416,Gumay,Oromia,92956.33226377961
ET040417,Agaro town,Oromia,44876.613989443445
ET040418,Jimma town,Oromia,213218.72749980653
ET040490,Mancho,Oromia,195853.517391692
ET040491,Omo Beyam,Oromia,148985.5243777176
ET040495,Botor Tolay,Oromia,69930.34386520194
ET040499,Nono Benja,Oromia,90271.50611344013
ET040500,Illu Galan,Oromia,94162.71010463402
ET040501,Ginde Beret,Oromia,161221.4896943979
ET040502,Jeldu,Oromia,235297.15316168475
ET040503,Ambo Zuria,Oromia,152658.13209535417
ET040504,Mida Kegn,Oromia,121090.17577576212
ET040505,Cheliya,Oromia,117617.56154769982
ET040506,Bako Tibe,Oromia,192068.96433207009
ET040507,Dano,Oromia,148842.2135349211
ET040508,Nono,Oromia,128528.43631046292
ET040509,Tikur Enchini,Oromia,109287.35143917582
ET040510,Dendi,Oromia,200114.34125513525
ET040511,Ejere /Addis Alem,Oromia,134211.67376285684
ET040513,Adda Berga,Oromia,209676.5968181489
ET040514,Meta Robi,Oromia,120970.39357879787
ET040515,Ambo town,Oromia,104078.9648390331
ET040516,Abuna Ginde Beret,Oromia,166238.43867617814
ET040517,Toke Kutaye,Oromia,140422.16677867385
ET040518,Jibat,Oromia,92623.72277042345
ET040519,Ifata,Oromia,87422.82255759099
ET040590,Ejersa Lafo,Oromia,67589.24360489138
ET040592,Cobi,Oromia,75411.44886021868
ET040594,Meta Walkite,Oromia,93098.57362267467
ET040597,Liban Jawi,Oromia,87932.96637859059
ET040601,Wara Jarso,Oromia,216889.91955865873
ET040602,Dera (OR),Oromia,276543.69062550325
ET040603,Hidabu Abote,Oromia,127332.25260554609
ET040604,Kuyu,Oromia,188333
ET040605,Degem,Oromia,151719.05596301114
ET040606,Gerar Jarso,Oromia,101988.21093855018
ET040607,Debre Libanos,Oromia,70670.42672501686
ET040608,Wuchale,Oromia,149362.7269889386
ET040609,Abichugna Gne'a,Oromia,113943.88434616177
ET040610,Kimbibit,Oromia,115461.11208498107
ET040613,Fiche town,Oromia,28345
ET040614,Yaya Gulele,Oromia,83966.9588329516
ET040615,Jida,Oromia,81300.26477508803
ET040617,Aleltu,Oromia,81883.96543189503
ET040701,Fentale,Oromia,92755.26929030386
ET040702,Boset,Oromia,221886.89452119396
ET040703,Adama,Oromia,220502.9823526961
ET040704,Lome (OR),Oromia,134910.04675051462
ET040705,Gimbichu,Oromia,133237.3739286207
ET040706,Ada'a,Oromia,209676.5968181489
ET040707,Dugda,Oromia,228535.87593661237
ET040708,Adama Tulu Jido Kombolcha,Oromia,235321.75129141845
ET040709,Bishoftu town,Oromia,183575.84220285452
ET040710,Bora (OR),Oromia,35208.24412982733
ET040714,Adama town,Oromia,425808.59846555063
ET040797,Mojo Town,Oromia,61607.62014398821
ET040799,Metehara town,Oromia,42335.52023955861
ET040801,Merti,Oromia,140610.74198019624
ET040802,Aseko,Oromia,128430.24079313331
ET040803,Golocha,Oromia,156147.0975548294
ET040804,Jeju,Oromia,167341.39757137198
ET040805,Dodota,Oromia,102176.16832416796
ET040806,Ziway Dugda,Oromia,160716.17453449487
ET040807,Hitosa,Oromia,192786.98810865718
ET040808,Sude,Oromia,224586.26625295612
ET040809,Chole,Oromia,136960.3455593834
ET040810,Amigna,Oromia,112568.42017258824
ET040811,Seru,Oromia,73405.79414776101
ET040812,Robe,Oromia,255439.22348304378
ET040813,Tena,Oromia,101855.85483843798
ET040814,Shirka,Oromia,251310.90392384835
ET040815,Degeluna Tijo,Oromia,216314.07747266616
ET040816,Tiyo,Oromia,133072.03406145907
ET040817,Munessa,Oromia,256088.8757159442
ET040818,Limu Bilbilo,Oromia,248287.0781681551
ET040819,Guna,Oromia,117081.0450304466
ET040820,Sire,Oromia,120307.23418716113
ET040821,Lude Hitosa,Oromia,166110.9359989266
ET040822,Diksis,Oromia,127667.73335846016
ET040823,Bele Gesgar,Oromia,113512.86808733379
ET040824,Inkolo Wabe,Oromia,90413.20548527439
ET040825,Asela town,Oromia,118577.95809121689
ET040893,Shanan Kolu,Oromia,105586.12275212884
ET040894,Bekoji town,Oromia,31273.253794078697
ET040901,Mieso,Oromia,152386.13933280078
ET040902,Doba,Oromia,203748.6645109366
ET040903,Tulo (OR),Oromia,226718.68072708027
ET040905,Chiro town,Oromia,59351.77917487492
ET040906,Anchar,Oromia,125313.59065426521
ET040907,Goba Koricha,Oromia,152243.26918676728
ET040908,Habro,Oromia,294816.63968723285
ET040909,Daro Lebu,Oromia,211217.98679662377
ET040910,Boke,Oromia,160971.85175484352
ET040911,Kuni /Oda Bultum,Oromia,239821.99316281764
ET040912,Gemechis,Oromia,264605.4492779824
ET040913,Chiro Zuria,Oromia,257443.2626721972
ET040914,Bedesa,Oromia,32059.12705237452
ET040915,Hawi Gudina,Oromia,75391.15462146985
ET040991,Gumbi Bordede,Oromia,99680.76903389905
ET040998,Burqua Dhintu,Oromia,65560.8195761687
ET041000,Babile town,Oromia,31221.443535516846
ET041001,Kombolcha,Oromia,169835.53276335454
ET041002,Jarso (East Hararghe),Oromia,177697.85907134213
ET041003,Gursum (OR),Oromia,233182.2368777111
ET041004,Babile (OR),Oromia,113398.44755641377
ET041005,Fedis,Oromia,172508.80679565357
ET041006,Haro Maya,Oromia,339746.97877408884
ET041007,Kurfa Chele,Oromia,90368.18122223023
ET041008,Kersa (East Hararge),Oromia,261632.1247514003
ET041009,Meta,Oromia,263859.8597181554
ET041010,Goro Gutu,Oromia,220570.35983848848
ET041011,Deder,Oromia,337747.294018784
ET041012,Melka Balo,Oromia,271126.0119205899
ET041013,Bedeno,Oromia,364328.430529652
ET041014,Midhaga Tola,Oromia,115502.57813532962
ET041015,Chinaksen,Oromia,134949.8056440241
ET041016,Girawa,Oromia,365359.22938685084
ET041017,Golo Oda,Oromia,125447.33349598522
ET041018,Meyu Muleke,Oromia,70804.11221270022
ET041097,Deder town,Oromia,22858.079426047396
ET041098,Kumbi,Oromia,34236.31865375143
ET041104,Agarfa,Oromia,157908.22856765412
ET041106,Gasera,Oromia,119703.05515555984
ET041109,Sinana,Oromia,179689.3377049246
ET041110,Goba (OR),Oromia,61753.06995458769
ET041111,Harena Buluk,Oromia,124692.19755590192
ET041112,Mena (Bale),Oromia,138503.51265944264
ET041113,Meda Welabu,Oromia,148516.2947859353
ET041114,Berbere,Oromia,138735.59066606092
ET041115,Gura Damole,Oromia,44194.2832603077
ET041116,Goro (Bale),Oromia,128030.80910612711
ET041119,Robe Town,Oromia,78234.8863600907
ET041122,Dinsho,Oromia,60013.01964690139
ET041207,Yabelo,Oromia,65849.59350245447
ET041208,Arero,Oromia,53742.502422151505
ET041210,Moyale (OR),Oromia,43202.35906324968
ET041211,Dire,Oromia,57084.47860032517
ET041212,Teltale,Oromia,84664.01790850486
ET041216,Miyo,Oromia,61488.21471229935
ET041219,Dilo,Oromia,18332.476480585265
ET041220,Dhas,Oromia,29343.151368504972
ET041223,Gomole,Oromia,34593.822520201626
ET041290,Guchi,Oromia,25080.841845362986
ET041291,Dubluk,Oromia,34439.97377613415
ET041295,Elwaya,Oromia,34366.54596646559
ET041296,Yabelo town,Oromia,30842.82982544656
ET041298,Wachile,Oromia,32731.32030035451
ET041301,Ameya,Oromia,186483.12598627125
ET041302,Wenchi,Oromia,142326.67240113622
ET041303,Waliso,Oromia,66768.94945246642
ET041304,Dawo,Oromia,111110.25576721082
ET041305,Ilu,Oromia,95770.20729345146
ET041307,Kersana Malima,Oromia,124368.66862649555
ET041308,Tole,Oromia,96012.5470830256
ET041309,Becho (SW Shewa),Oromia,115729.97828293087
ET041310,Seden Sodo,Oromia,117752.95486571082
ET041311,Woliso town,Oromia,66768.94945246642
ET041314,Sodo Daci,Oromia,66747.8517980602
ET041401,Uraga,Oromia,174616.77556026808
ET041402,Bore,Oromia,177839.13055538724
ET041403,Adola,Oromia,166718.63694793664
ET041404,Wadera,Oromia,77772.86931465713
ET041405,Odo Shakiso,Oromia,144536.4713476162
ET041407,Liben,Oromia,116409.04473904248
ET041408,Dama,Oromia,86562.95750081178
ET041409,Arda Jila,Oromia,38738
ET041410,Girja /Harenfema,Oromia,76271.31391699788
ET041411,Ana Sora,Oromia,138122.7763905205
ET041412,Saba Boru,Oromia,77632.76692356498
ET041413,Gora Dola,Oromia,91138.20963128624
ET041414,Negele town,Oromia,62161.61280494795
ET041482,Aga Wayu,Oromia,47058.36114843548
ET041490,Haro Walabu,Oromia,94299.60404402176
ET041492,Adola town,Oromia,40433.97786275085
ET041497,Gumi Idalo,Oromia,18224.00568099226
ET041499,Shakiso town,Oromia,53051.74893225476
ET041501,Bule Hora,Oromia,299184.9129835999
ET041502,Kercha,Oromia,274889.44719398126
ET041509,Hambela Wamena,Oromia,159465.39712818962
ET041513,Abaya,Oromia,157719.999400996
ET041515,Dugda Dawa,Oromia,103627.64263261415
ET041517,Gelana (West Guji),Oromia,109001.79923748423
ET041518,Melka Soda,Oromia,88169.32232081474
ET041587,Bule Hora town,Oromia,49040.11481785323
ET041594,Suro Berguda,Oromia,46418.03091841751
ET041596,Birbirsa Kojowa,Oromia,72046.8525062045
ET041603,Chora (Buno Bedele),Oromia,154192.4953158103
ET041604,Dega,Oromia,60545.39095491079
ET041605,Dabo Hana,Oromia,63585.449885139846
ET041606,Gechi,Oromia,108132.59820544915
ET041607,Borecha,Oromia,112354.0905299173
ET041608,Dedesa,Oromia,130079.37584228064
ET041618,Meko,Oromia,33334.957048654665
ET041621,Bedele town,Oromia,34403.58402601821
ET041622,Bedele Zuria,Oromia,117707.95910362415
ET041623,Chwaka,Oromia,85268.84538983909
ET041700,Dodola town,Oromia,36718.59078905559
ET041701,Siraro,Oromia,221961.75839429666
ET041702,Shala,Oromia,228877.04130118023
ET041703,Arsi Negele,Oromia,154053.8085867682
ET041704,Kofele,Oromia,262459.9052911355
ET041705,Kore,Oromia,158508.20903637694
ET041706,Gedeb Asasa,Oromia,288309.3311895852
ET041707,Dodola,Oromia,252954.33237489965
ET041708,Kokosa,Oromia,219812.0957523486
ET041709,Nenesebo,Oromia,175077.72312180026
ET041710,Adaba,Oromia,213173.80917594492
ET041711,Shashemene town,Oromia,177075.24874466527
ET041712,Shashemene Zuria,Oromia,300789.13883579994
ET041783,Heban Arsi,Oromia,83431.50863731733
ET041797,Wondo,Oromia,130687.72430752414
ET041799,Arsi Negele town,Oromia,154053.8085867682
ET041801,Hawa Galan,Oromia,148536.3411391016
ET041802,Yama Logi Welel,Oromia,62355.18939111343
ET041803,Dale Wabera,Oromia,49927.95681966534
ET041804,Gawo Kebe,Oromia,94529.54308283709
ET041805,Sayo,Oromia,175864.8632732797
ET041806,Denbi Dollo town,Oromia,53402.53965193583
ET041807,Anfilo,Oromia,118987.57042547864
ET041808,Dale Sadi,Oromia,115844.06
ET041809,Gidami,Oromia,131636.35652812506
ET041810,Jimma Horo,Oromia,70196.64535666714
ET041811,Lalo Kile,Oromia,74713.07587256093
ET041812,Sedi Chenka,Oromia,69327.15494477472
ET041901,Horo,Oromia,52453.90743133489
ET041902,Shambu town,Oromia,26432.294624749044
ET041903,Guduru,Oromia,98395.72738663915
ET041904,Ababo,Oromia,69259.77745898232
ET041905,Abay Chomen,Oromia,75544.06486400055
ET041906,Jimma Genete,Oromia,98932.60830517541
ET041907,Jimma Rare,Oromia,86350.13020441991
ET041908,Jarte Jardega,Oromia,75334.44601931307
ET041909,Amuru,Oromia,82703.19010041852
ET041910,Abe Dongoro,Oromia,102164.58865540773
ET041911,Choman Guduru,Oromia,51827.18986507541
ET041912,Horo Buluk,Oromia,62074.98460892915
ET042001,Burayu,Oromia,112909.762897345
ET042004,Lege Tafo-Lege Dadi town,Oromia,22430
ET042005,Sululta town,Oromia,27524.237688146528
ET042006,Sebeta Hawas,Oromia,150196.76366913723
ET042009,Sebeta town,Oromia,176110.84457061705
ET042011,Bereh,Oromia,106148.83054927723
ET042012,Akaki,Oromia,93904.96448438054
ET042013,Sululta,Oromia,187910.5299394
ET042014,Welmera,Oromia,127835.4107423125
ET042016,Mulo,Oromia,53807.8740505917
ET042018,Sendafa town,Oromia,22578.4687126898
ET042020,Holeta town,Oromia,46666.28684634455
ET042098,Gelana (Finfine),Oromia,15497
ET042102,Lege Hida,Oromia,95231.12452219923
ET042103,Ginir,Oromia,116041.14227693793
ET042104,Rayitu,Oromia,51049.67506870914
ET042105,Seweyna,Oromia,100701.53467820131
ET042106,Dawe Ketchen,Oromia,112339
ET042107,Ginir town,Oromia,30146.612214542834
ET050101,Ayisha,Somali,90243.51615163585
ET050102,Dembel,Somali,127012.94521864805
ET050103,Shinile,Somali,73434.27091681157
ET050104,Erer (SM),Somali,75872.93409206247
ET050105,Afdem,Somali,100531.7862871974
ET050106,Hadhagala,Somali,86176
ET050107,Miesso,Somali,152386
ET050198,Gota-Biki,Somali,45861.11580836568
ET050199,Gablalu,Somali,20601.26605345327
ET050202,Gursum (SM),Somali,44167.03
ET050203,Babile (SM),Somali,119749.99533803698
ET050204,Shabeeley,Somali,113843.33987954863
ET050205,Aw-Bare,Somali,409648.5434007384
ET050206,Kebribeyah,Somali,143519.6667172717
ET050207,Harshin,Somali,124214.37270318725
ET050283,Tuliguled,Somali,77192.58983098115
ET050290,Goljano,Somali,65917.65677217199
ET050293,Jigjiga town,Somali,182922.4744953837
ET050295,Wajale town,Somali,32731.32030035451
ET050296,Kebribayah town,Somali,20315.877473877354
ET050297,Koran /Mulla,Somali,25570.98
ET050298,Haroreys,Somali,47408
ET050299,Harawo,Somali,36991.57032693989
ET050301,Degehamedo,Somali,90773.00498742367
ET050302,Degehabur,Somali,31771.472094656354
ET050303,Aware,Somali,28898.960423412034
ET050304,Gashamo,Somali,119600.38270631911
ET050305,Gunagado,Somali,174279.3428563489
ET050306,Bilcil-Bur,Somali,31348.111527943947
ET050307,Degahabur town,Somali,46491.94397346089
ET050382,Yocale,Somali,46322.19070275012
ET050392,Daror,Somali,47544.20972985477
ET050394,Burqod,Somali,43852.91571428346
ET050395,Ararso,Somali,47819.29183721138
ET050399,Dig,Somali,37240.39071972385
ET050402,Fik,Somali,87581.71700107583
ET050403,Salahad,Somali,37927.017249910714
ET050404,Hamero,Somali,70687.83806591017
ET050407,Lagahida,Somali,27895.02842717835
ET050497,Qubi,Somali,53453.58884266346
ET050498,Yahob,Somali,21965.447147525676
ET050499,Wangey,Somali,18412.892215045358
ET050501,Shaygosh,Somali,52462.96414020905
ET050502,Kebridehar,Somali,86580.30372288052
ET050503,Shilabo,Somali,89403.73011102775
ET050504,Debeweyin,Somali,85864.47667771461
ET050586,Marsin,Somali,23362.549534086036
ET050592,Kebridehar town,Somali,45305.71629861454
ET050595,Goglo,Somali,24859.650668547296
ET050596,Lasdhankayre,Somali,21255.972801169235
ET050597,Higloley,Somali,22745.915665178836
ET050598,El-Ogaden,Somali,21747.84824220466
ET050599,Bodaley,Somali,23314.48686105347
ET050601,East Imi,Somali,90066.38143283846
ET050602,Adadle,Somali,128845.800299669
ET050603,Danan,Somali,19820.228270579337
ET050604,Gode,Somali,14138.606752091111
ET050605,Kelafo,Somali,119732.29940464254
ET050606,Mustahil,Somali,72984.70291505098
ET050607,Ferfer,Somali,60934.26591471525
ET050608,Berocano,Somali,79597.92220231939
ET050696,Godey town,Somali,66414.4332504925
ET050699,Aba-Korow,Somali,29068
ET050701,Danod,Somali,20045.279364670365
ET050702,Bokh,Somali,133072.88158062258
ET050703,Galadi,Somali,151506.6865023705
ET050704,Warder,Somali,28786.435510836345
ET050788,Daratole,Somali,38315.27597848163
ET050798,Lehel-Yucub,Somali,29312.130747894957
ET050799,Galhamur,Somali,41603.97081427677
ET050802,Charati,Somali,142018.0017473123
ET050804,Elkare /Serer,Somali,89713.02496541831
ET050805,West Imi,Somali,74898.87089697547
ET050806,Hargele,Somali,122542.18509646878
ET050807,Barey,Somali,121435.96777213739
ET050808,Dolobay,Somali,130212.57750228564
ET050809,Raso,Somali,48982.82872048457
ET050898,Kohle /Qoxle,Somali,22291.098016336397
ET050899,God-God,Somali,24498.41881438416
ET050901,Filtu,Somali,14532.483829696266
ET050902,Dolo Ado,Somali,126106.70029722176
ET050903,Goro Baqaqsa,Somali,79818.15292122978
ET050904,Guradamole,Somali,44194.2832603077
ET050991,Deka Suftu,Somali,135332
ET050999,Bokolmayo,Somali,38945.47553980406
ET051001,Ayun,Somali,24909.329065481812
ET051002,Elwayne,Somali,36985.18815202157
ET051003,Garbo,Somali,70766.26286717603
ET051005,Sagag,Somali,57001.07240624603
ET051006,Dihun,Somali,21444.746619080128
ET051095,Horshagah,Somali,18956.429549076995
ET051103,Moyale (SM),Somali,277851.9527051583
ET051104,Hudet,Somali,67415.59155945231
ET051187,Mubarek,Somali,78325.33381305223
ET051198,Qada Duma,Somali,34206.367259875326
ET060201,Dangur,Benishangul Gumz,78586.53837263995
ET060202,Guba,Benishangul Gumz,24136.414097364886
ET060203,Wembera,Benishangul Gumz,97147.16777251032
ET060204,Mandura,Benishangul Gumz,55015.709210532696
ET060205,Dibate,Benishangul Gumz,107920.99623070296
ET060206,Pawe,Benishangul Gumz,73754.94437943179
ET060207,Bulen,Benishangul Gumz,73706.7002923953
ET060301,Menge,Benishangul Gumz,42335.72607943002
ET060302,Kurmuk,Benishangul Gumz,27093.673985708352
ET060303,Assosa,Benishangul Gumz,39287
ET060304,Sherkole,Benishangul Gumz,39957.39523552449
ET060305,Bambasi,Benishangul Gumz,78842.12938693968
ET060306,Bilidigilu,Benishangul Gumz,90686.64
ET060307,Homosha,Benishangul Gumz,35204.83942746124
ET060308,Undulu,Benishangul Gumz,22817.400228388367
ET060309,Assosa town Administration,Benishangul Gumz,39287
ET060400,Kamashi town,Benishangul Gumz,14352.102658388869
ET060402,Sedal,Benishangul Gumz,29137.37563016925
ET060403,Kamashi,Benishangul Gumz,14602.561323003865
ET060405,Mizyiga,Benishangul Gumz,48806
ET060508,Maokomo Special,Benishangul Gumz,81055.19857099678
ET070101,Kebena,Central Ethiopia,76920.37801422477
ET070102,Abeshege,Central Ethiopia,90204.6062461022
ET070103,Ezha,Central Ethiopia,125595.56686993367
ET070104,Gedebano Gutazer Welene,Central Ethiopia,137628.08970610227
ET070105,Sodo,Central Ethiopia,126051.40864816718
ET070106,Meskan,Central Ethiopia,142295.95201794337
ET070107,Mareko,Central Ethiopia,96422.7556312363
ET070108,Endiguagn,Central Ethiopia,72398.08755230905
ET070109,Gumer,Central Ethiopia,118460.42108709436
ET070110,Cheha,Central Ethiopia,140562.90320605788
ET070111,Enemor Ener,Central Ethiopia,138842.605213144
ET070112,Muhur Na Aklil,Central Ethiopia,129049.97624298066
ET070113,Geta,Central Ethiopia,101998.05122655391
ET070114,Welkite town,Central Ethiopia,49455.113949469735
ET070115,Butajira town,Central Ethiopia,57235.23865862078
ET070116,Emdebir town,Central Ethiopia,31916.362454079503
ET070117,Bui town,Central Ethiopia,29654.15465487402
ET070118,Misrak Meskan,Central Ethiopia,89264.23334694913
ET070119,Debub Sodo,Central Ethiopia,57904.65665462805
ET070120,Enor Ener,Central Ethiopia,84990.58385497896
ET070201,Misha,Central Ethiopia,112342.66056729031
ET070202,Gombora,Central Ethiopia,136782.30297020046
ET070203,Lemmo,Central Ethiopia,174661.70524634977
ET070204,Shashogo,Central Ethiopia,141829.6204229754
ET070205,Misrak Badawacho,Central Ethiopia,144462.60363670028
ET070206,Soro,Central Ethiopia,195820.59130495624
ET070207,Duna,Central Ethiopia,175324.80423963943
ET070208,Analemmo,Central Ethiopia,77760.36222233628
ET070209,Mirab Badowach,Central Ethiopia,123100.39446612982
ET070210,Gibe,Central Ethiopia,129937.7726835326
ET070211,Hosaena town,Central Ethiopia,119921.81053989848
ET070212,Shone Town,Central Ethiopia,55321.25576528306
ET070213,Gimbichu town,Central Ethiopia,16162.654814867721
ET070214,Jajura town,Central Ethiopia,18781.333890062484
ET070215,Ameka,Central Ethiopia,84029.66179525672
ET070216,Siraro Badawacho,Central Ethiopia,55386.646112849376
ET070217,Mirab Soro,Central Ethiopia,56092.65752172943
ET070301,Tembaro,Central Ethiopia,131263
ET070302,Angacha,Central Ethiopia,109311.20492308318
ET070303,Kediada Gambela,Central Ethiopia,77109.5239192153
ET070304,Kacha Bira,Central Ethiopia,144547.40674370035
ET070305,Hadero Tunto,Central Ethiopia,122509.83788967153
ET070306,Doyogena,Central Ethiopia,93623.65185225196
ET070307,Damboya,Central Ethiopia,101403.05976428198
ET070308,Durame town,Central Ethiopia,54573.35366499333
ET070309,Adilo,Central Ethiopia,42658.0062693939
ET070310,Shinshincho town,Central Ethiopia,26284.876273297108
ET070312,Hadero town,Central Ethiopia,27097.146996972428
ET070501,Wenago,Southern Ethiopi,16198.415161193048
ET070502,Yirgachefe,Southern Ethiopi,259392.7833083223
ET070503,Kochere,Southern Ethiopi,131969.51699737727
ET070504,Bule,Southern Ethiopi,81251.05308797139
ET070505,Dila Zuria,Southern Ethiopi,144562.72921437223
ET070506,Gedeb,Southern Ethiopi,122815.06575859687
ET070507,Dila town,Southern Ethiopi,101342.37276030838
ET070508,Chelelektu town,Southern Ethiopi,30133.71898924671
ET070509,Rape,Southern Ethiopi,90482.66973284351
ET070510,Churso,Southern Ethiopi,122762.37
ET070511,Gedeb town,Southern Ethiopi,21829.176437243754
ET070512,Yirgachefe town,Southern Ethiopi,25901.56499140618
ET070601,Boloso Sore,Southern Ethiopi,214688.77175038023
ET070602,Damot Gale,Southern Ethiopi,146842.1992536057
ET070603,Damot Woide,Southern Ethiopi,119465.099831115
ET070604,Humbo,Southern Ethiopi,72469.87441454912
ET070605,Sodo Zuria,Southern Ethiopi,113256.08198485726
ET070606,Kindo Koyesha,Southern Ethiopi,83166.3048625452
ET070607,Ofa,Southern Ethiopi,103067.44845468084
ET070608,Boloso Bombe,Southern Ethiopi,121496.28750239365
ET070609,Damot Sore,Southern Ethiopi,77585.63007737864
ET070610,Kindo Daddaye,Southern Ethiopi,99891.92970099168
ET070611,Damot Pullasa,Southern Ethiopi,146718.57062773814
ET070612,Duguna Fango,Southern Ethiopi,134074.73389128275
ET070613,Sodo Town,Southern Ethiopi,260135.06330896902
ET070614,Areka town,Southern Ethiopi,71211.11022389756
ET070615,Boditi town,Southern Ethiopi,73254.5585853449
ET070616,Tebela town,Southern Ethiopi,43609.23148164764
ET070617,Gesuba town,Southern Ethiopi,28803.426378780954
ET070618,Gununo Hamus town,Southern Ethiopi,66160.72759858046
ET070619,Hobicha Abaya,Southern Ethiopi,52811.90117742573
ET070620,Kawo Koisha,Southern Ethiopi,73808.33309129713
ET070621,Abela Abaya,Southern Ethiopi,53752.909147872226
ET070622,Bayera Koisha,Southern Ethiopi,59120.02626921366
ET070701,Salamago,Southern Ethiopi,41214.31000203136
ET070702,South Ari,Southern Ethiopi,170963.0637121301
ET070703,North Ari,Southern Ethiopi,88457.81439451309
ET070704,Hamer,Southern Ethiopi,76552.6842407209
ET070705,Bena Tsemay,Southern Ethiopi,78312.09327992707
ET070706,Dasenech /Kuraz,Southern Ethiopi,77981.05464537258
ET070707,Malie,Southern Ethiopi,124598.24211507071
ET070708,Nyngatom,Southern Ethiopi,25904.794878067903
ET070709,Jinka town,Southern Ethiopi,34723.29628189389
ET070710,Boko Dawula,Southern Ethiopi,49623.100009387155
ET070711,Wub Ari,Southern Ethiopi,61483.27429922751
ET071003,Selamber town,Southern Ethiopi,29751.91093365603
ET071004,Boreda,Southern Ethiopi,100507.26797512823
ET071005,Mirab Abaya,Southern Ethiopi,76364.23968323147
ET071006,Chencha Zuriya,Southern Ethiopi,91438.2479816013
ET071007,Ezo /Kogota,Southern Ethiopi,42416.66187716482
ET071008,Dita,Southern Ethiopi,124064.40602509801
ET071009,Daramalo,Southern Ethiopi,119776.94314590865
ET071010,Chencha,Southern Ethiopi,33554.84269192585
ET071011,Kemba,Southern Ethiopi,149486.35134965947
ET071012,Kemba town,Southern Ethiopi,25093.6117360436
ET071013,Gerese,Southern Ethiopi,133564.39055688254
ET071014,Bonke,Southern Ethiopi,65553.02290107291
ET071015,Arba Minch Zuria,Southern Ethiopi,134753.84259626144
ET071016,Gacho Baba,Southern Ethiopi,106936.8684415408
ET071017,Kucha Alpha,Southern Ethiopi,61740.528028574416
ET071018,Garda Marta,Southern Ethiopi,55279.0505147329
ET071019,Kucha,Southern Ethiopi,129036.16285576146
ET071021,Arba Minch town,Southern Ethiopi,128290.2399459248
ET071205,Alle Special,Southern Ethiopi,92298.47558985336
ET071301,Karat town,Southern Ethiopi,42515.98660827331
ET071302,Segen Zuria,Southern Ethiopi,51069.86144929187
ET071303,Karat Zuria,Southern Ethiopi,137574.13921026132
ET071304,Kena,Southern Ethiopi,82437.81552168923
ET071401,Kulito town,Central Ethiopia,71768.97162657269
ET071402,Wera,Central Ethiopia,109037.38284264924
ET071403,Atote Ulo,Central Ethiopia,86228.41223217404
ET071404,Wera Djo,Central Ethiopia,103692.74365328372
ET071501,Melekoza,Southern Ethiopi,21745.35573834185
ET071502,Denba Gofa,Southern Ethiopi,107226.8875944069
ET071503,Zala,Southern Ethiopi,109736.24218226422
ET071504,Uba Debre Tsehay,Southern Ethiopi,14831.348207384779
ET071505,Gezei Gofa,Southern Ethiopi,88623.33371179033
ET071506,O'yida,Southern Ethiopi,48917.0886005071
ET071507,Sawla town,Southern Ethiopi,50860.40799224352
ET071508,Bulike town,Southern Ethiopi,13600.875559297458
ET071509,Melo Gada,Southern Ethiopi,34963.40146436395
ET071601,Basketo SP Woreda,Southern Ethiopi,49977.63830009827
ET072001,Alicho Woriro,Central Ethiopia,136005.79259285048
ET072002,Siltie,Central Ethiopia,125128.5169648663
ET072003,Lanfero,Central Ethiopia,86805.68639428292
ET072004,Mierab Azenet Berbere,Central Ethiopia,88300.46887068165
ET072005,Dalocha,Central Ethiopia,93420.32874028795
ET072006,Sankura,Central Ethiopia,41519.80553206774
ET072007,Misrak Azenet Berbere,Central Ethiopia,79068.16917366258
ET072008,Wulbareg,Central Ethiopia,94223.40394633675
ET072009,Tora town,Central Ethiopia,34351.388680110475
ET072010,Worabe town,Central Ethiopia,32766.694475808064
ET072011,Kibet town,Central Ethiopia,42347.40211845391
ET072012,Mito,Central Ethiopia,57105.18618482658
ET072013,Misrak Siltie,Central Ethiopia,125128.5169648663
ET072203,Burji Special,Southern Ethiopi,85848.61
ET072304,Derashe Special,Southern Ethiopi,110434.07979769849
ET072401,Yem SP Woreda,Central Ethiopia,119391
ET120101,Akobo,Gambela,43979.318917683224
ET120102,Lare,Gambela,57471.751788253176
ET120103,Jikawo,Gambela,33374
ET120104,Wantawo,Gambela,37379.019995147115
ET120105,Makuey,Gambela,28429.778254600755
ET120201,Abobo,Gambela,29535.679403855454
ET120203,Gog,Gambela,29987.694556130205
ET120204,Jore,Gambela,15797.490722339928
ET120205,Dima (GM),Gambela,14252.73991068264
ET120206,Gambela town,Gambela,69510.49515211432
ET120301,Godere,Gambela,69099.0735936118
ET120308,Mengesh,Gambela,36478.281063065646
ET120407,Itang,Gambela,62937.62433347838
ET130101,Sofi,Harari,51324.0876536849
ET130102,Shenkor,Harari,23793
ET130103,Jinela,Harari,28538.410712103425
ET130104,Hakim,Harari,30143.10044772637
ET130106,Dire Teyara,Harari,43116.663457158626
ET130107,Amir Nur,Harari,31188.612585221697
ET130108,Aboker,Harari,22640.265395454593
ET130109,Abadir,Harari,33071.8198984561
ET140101,Akaki Kality,Addis Ababa,269226.10247751395
ET140102,Nifas Silk Lafto,Addis Ababa,462891.13814495166
ET140103,Kolfe Keraniyo,Addis Ababa,628996.4120829459
ET140104,Bole,Addis Ababa,230595.30669131433
ET140105,Lideta,Addis Ababa,296142.6324248373
ET140106,Kirkos,Addis Ababa,324605.9054634942
ET140107,Yeka,Addis Ababa,370905.742420937
ET140108,Addis Ketema,Addis Ababa,359910.8959545385
ET140109,Arada,Addis Ababa,311589.79567007924
ET140110,Gulele,Addis Ababa,392747.9390320361
ET140111,Lemi Kura,Addis Ababa,359910.8959545385
ET150103,Sabian,Dire Dawa,81219.75332974964
ET160001,Shebe Dino,Sidama,209063.490426058
ET160002,Hawassa Zuria,Sidama,182791.49050339212
ET160003,Arbegona,Sidama,159427.73987449112
ET160004,Dale,Sidama,113401.65600811817
ET160005,Aleta Wendo,Sidama,208099.7410254571
ET160006,Dara,Sidama,129953.15925346663
ET160007,Hulla,Sidama,105604.40785901208
ET160008,Bensa,Sidama,210220.6272477277
ET160009,Aroresa,Sidama,113038.13531943556
ET160010,Boricha,Sidama,135273.43846935293
ET160011,Gorche,Sidama,137079.8044903249
ET160012,Malga,Sidama,162218.04409276898
ET160013,Wonosho,Sidama,132171.80175451929
ET160014,Chire,Sidama,131792.46489011517
ET160015,Bursa,Sidama,56377.74608278291
ET160016,Aleta Chuko,Sidama,55525.5663481832
ET160017,Bona Zuria,Sidama,165402.5611309178
ET160018,Hawasa town,Sidama,264168.217179932
ET160019,Wondo-Genet,Sidama,22143.92228062113
ET160020,Yirgalem town,Sidama,88410.99104410179
ET160021,Aleta Wondo town,Sidama,59868.28277624934
ET160022,Leku town,Sidama,41996.94741935075
ET160023,Hawela,Sidama,113899.87816826395
ET160024,Bura,Sidama,56377.74608278291
ET160025,Dara Otilicho,Sidama,116613.67747271243
ET160026,Teticha,Sidama,82680.56048463011
ET160027,Chirone,Sidama,51683.319564751044
ET160028,Shafamo,Sidama,73757.11234102855
ET160029,Chabe Gambeltu,Sidama,88050.78040815503
ET160030,Daye town,Sidama,44395.16395425295
ET160031,Hokko,Sidama,105428.0215299054
ET160032,Bilate Zuria,Sidama,152855.755262896
ET160033,Darara,Sidama,121766.07090547307
ET160034,Daella,Sidama,49927.95681966534
ET160036,Wondo-Genet town,Sidama,22143.92228062113
ET160037,Loka Abaya,Sidama,116789.00123357149
