period,indicator,label,target,value_pct,pct_reported
2025-Wk03-15,EBS_PPV,Confirmed outbreaks among suspected events (EBS sensitivity),80,87.4074074074074,81.3
2025-Wk16-27,EBS_PPV,Confirmed outbreaks among suspected events (EBS sensitivity),80,1.7543859649122806,80.4
2025-Wk28-52,EBS_PPV,Confirmed outbreaks among suspected events (EBS sensitivity),80,7.8125,68.2
2025-Wk03-15,EBS_DETECT,Outbreaks detected through event-based surveillance,80,47.28033472803347,82.8
2025-Wk16-27,EBS_DETECT,Outbreaks detected through event-based surveillance,80,44.44444444444444,80.4
2025-Wk28-52,EBS_DETECT,Outbreaks detected through event-based surveillance,80,55.55555555555556,68.2
2025-Wk03-15,DETECT_7D,Outbreaks detected within 7 days,80,98.99352983465133,42.9
2025-Wk16-27,DETECT_7D,Outbreaks detected within 7 days,80,88.88888888888889,44.9
2025-Wk28-52,DETECT_7D,Outbreaks detected within 7 days,80,92.5,68.2
2025-Wk03-15,RPT_TIMELY,Surveillance reports submitted on time (timeliness),80,92.0605715341504,93.6
2025-Wk16-27,RPT_TIMELY,Surveillance reports submitted on time (timeliness),80,88.89651772824901,99.6
2025-Wk28-52,RPT_TIMELY,Surveillance reports submitted on time (timeliness),80,92.89948173664774,100
2025-Wk03-15,RPT_COMPLETE,Surveillance reports submitted completely (completeness),80,93.43200823595284,90.5
2025-Wk16-27,RPT_COMPLETE,Surveillance reports submitted completely (completeness),80,93.58742411450166,100
2025-Wk28-52,RPT_COMPLETE,Surveillance reports submitted completely (completeness),80,94.66939712681126,100
2025-Wk03-15,CB_ELIM,Case-based reporting: elimination/eradication diseases,80,68.6055856941933,60.9
2025-Wk16-27,CB_ELIM,Case-based reporting: elimination/eradication diseases,80,75.95112468758678,43.3
2025-Wk28-52,CB_ELIM,Case-based reporting: elimination/eradication diseases,80,91.48329258353708,68.2
2025-Wk03-15,CB_EVENTS,Case-based reporting: selected events/conditions,80,62.41012366983031,93
2025-Wk16-27,CB_EVENTS,Case-based reporting: selected events/conditions,80,59.6218020022247,79.8
2025-Wk28-52,CB_EVENTS,Case-based reporting: selected events/conditions,80,63.95555555555555,68.2
2025-Wk03-15,NOTIFY_24H,Suspected outbreaks notified within 24 hours,80,71.30177514792899,37.5
2025-Wk16-27,NOTIFY_24H,Suspected outbreaks notified within 24 hours,80,60.60606060606061,44.5
2025-Wk28-52,NOTIFY_24H,Suspected outbreaks notified within 24 hours,80,14.15929203539823,67.1
2025-Wk03-15,NOTIFY_30M,Immediately reportable events notified within 30 minutes,80,93.46938775510203,37.5
2025-Wk16-27,NOTIFY_30M,Immediately reportable events notified within 30 minutes,80,90.81272084805654,44.5
2025-Wk28-52,NOTIFY_30M,Immediately reportable events notified within 30 minutes,80,7.8838174273858925,67.1
2025-Wk03-15,LINEGRAPH,Current line graph available for priority diseases,80,58.8235294117647,73.6
2025-Wk16-27,LINEGRAPH,Current line graph available for priority diseases,80,53.386454183266935,78.3
2025-Wk28-52,LINEGRAPH,Current line graph available for priority diseases,80,56.2363238512035,65.7
2025-Wk03-15,OBR_ANALYZED,Outbreak reports with analyzed case-based data,80,12.43523316062176,75.5
2025-Wk16-27,OBR_ANALYZED,Outbreak reports with analyzed case-based data,80,6.440071556350627,80.1
2025-Wk28-52,OBR_ANALYZED,Outbreak reports with analyzed case-based data,80,3.938730853391685,68.2
2025-Wk03-15,LAB_7D,Outbreaks with laboratory results within 7 days,80,68.1159420289855,36
2025-Wk16-27,LAB_7D,Outbreaks with laboratory results within 7 days,80,83.95061728395062,42.6
2025-Wk28-52,LAB_7D,Outbreaks with laboratory results within 7 days,80,91.11111111111111,64.5
2025-Wk03-15,RESP_2448,Confirmed outbreaks with response within 24-48 hours,80,100,37.5
2025-Wk16-27,RESP_2448,Confirmed outbreaks with response within 24-48 hours,80,54.32098765432099,44.5
2025-Wk28-52,RESP_2448,Confirmed outbreaks with response within 24-48 hours,80,20,67.1
2025-Wk03-15,EPI_DETECT_REG,Epidemics detected at regional level from district data,80,4.651162790697675,88.6
2025-Wk16-27,EPI_DETECT_REG,Epidemics detected at regional level from district data,80,75,99.6
2025-Wk28-52,EPI_DETECT_REG,Epidemics detected at regional level from district data,80,73.6842105263158,100
2025-Wk03-15,EPRP_PLAN,Districts with EPRP (preparedness & response) plans,80,76.30979498861048,99.5
2025-Wk16-27,EPRP_PLAN,Districts with EPRP (preparedness & response) plans,80,60.39325842696629,99.9
2025-Wk28-52,EPRP_PLAN,Districts with EPRP (preparedness & response) plans,80,96.62921348314607,100
2025-Wk03-15,RISK_MAP,Districts conducting risk & resource mapping,80,47.380410022779046,74.4
2025-Wk16-27,RISK_MAP,Districts conducting risk & resource mapping,80,59.45205479452055,73
2025-Wk28-52,RISK_MAP,Districts conducting risk & resource mapping,80,64.32584269662921,68.2
2025-Wk03-15,EPR_FUNDS,Districts with EPR funds / budget line,80,1.366742596810934,74.4
2025-Wk16-27,EPR_FUNDS,Districts with EPR funds / budget line,80,6.451612903225806,73
2025-Wk28-52,EPR_FUNDS,Districts with EPR funds / budget line,80,7.865168539325842,68.2
2025-Wk03-15,CONTINGENCY,Districts with contingency stocks (3-6 months),80,8.656036446469248,74.4
2025-Wk16-27,CONTINGENCY,Districts with contingency stocks (3-6 months),80,16.853932584269664,73
2025-Wk28-52,CONTINGENCY,Districts with contingency stocks (3-6 months),80,17.97752808988764,68.2
2025-Wk03-15,PHEM_OFFICER,Health facilities with PHEM officer,80,6.560207164436772,81.1
2025-Wk16-27,PHEM_OFFICER,Health facilities with PHEM officer,80,21.50455927051672,80
2025-Wk28-52,PHEM_OFFICER,Health facilities with PHEM officer,80,29.467580390089616,68.2
2025-Wk03-15,DHIS2_RPT,Districts reporting weekly via DHIS2,80,32.91139240506329,81.1
2025-Wk16-27,DHIS2_RPT,Districts reporting weekly via DHIS2,80,22.402770378263185,80.3
2025-Wk28-52,DHIS2_RPT,Districts reporting weekly via DHIS2,80,18.6243858865565,68.2
2025-Wk03-15,COORD_PLATFORM,Districts with functional coordination platform / RRT,80,15.260196905766524,81.1
2025-Wk16-27,COORD_PLATFORM,Districts with functional coordination platform / RRT,80,9.744050291872474,80
2025-Wk28-52,COORD_PLATFORM,Districts with functional coordination platform / RRT,80,9.915140687807057,68.2
